state,time_in_office,party,year
Alabama,1979 - 1983,"Democrat, Republican",1983
Alabama,2011 - 2017,Republican,2014
Alabama,2011 - 2017,Republican,2013
Alabama,2011 - 2017,Republican,2012
Alabama,2011 - 2017,Republican,2011
Alabama,1993 - 1995,Democrat,1993
Alabama,1993 - 1995,Democrat,1994
Alabama,1993 - 1995,Democrat,1995
Alabama,2003 - 2011,Republican,2011
Alabama,2003 - 2011,Republican,2010
Alabama,2003 - 2011,Republican,2009
Alabama,1979 - 1983,Democrat,1982
Alabama,2003 - 2011,Republican,2008
Alabama,2003 - 2011,Republican,2007
Alabama,2003 - 2011,Republican,2006
Alabama,2003 - 2011,Republican,2005
Alabama,2011 - 2017,Republican,2015
Alabama,2011 - 2017,Republican,2016
Alabama,2011 - 2017,Republican,2017
Alabama,1995 - 1999,Republican,1995
Alabama,1979 - 1983,Democrat,1981
Alabama,1979 - 1983,Democrat,1980
Alabama,1979 - 1983,Democrat,1979
Alabama,1995 - 1999,"Democrat, Republican",1999
Alabama,1995 - 1999,Republican,1998
Alabama,1995 - 1999,Republican,1997
Alabama,1995 - 1999,Republican,1996
Alabama,2003 - 2011,Republican,2004
Alabama,2003 - 2011,Republican,2003
Alabama,1999 - 2003,Democrat,1999
Alabama,1999 - 2003,Democrat,2000
Alabama,1999 - 2003,Democrat,2001
Alabama,1999 - 2003,Democrat,2002
Alabama,1999 - 2003,Democrat,2003
Alaska,2002 - 2006,Republican,2005
Alaska,2002 - 2006,Republican,2006
Alaska,2002 - 2006,Republican,2004
Alaska,2009 - 2014,Republican,2014
Alaska,2009 - 2014,Republican,2009
Alaska,2014 - 2018,Independent,2014
Alaska,1994 - 2002,Democrat,1994
Alaska,1994 - 2002,Democrat,1995
Alaska,1994 - 2002,Democrat,1996
Alaska,1994 - 2002,Democrat,1997
Alaska,1994 - 2002,Democrat,1998
Alaska,1994 - 2002,Democrat,1999
Alaska,1994 - 2002,Democrat,2000
Alaska,2009 - 2014,Republican,2013
Alaska,1994 - 2002,Democrat,2001
Alaska,2002 - 2006,Republican,2003
Alaska,2009 - 2014,Republican,2010
Alaska,2009 - 2014,Republican,2011
Alaska,2014 - 2018,Independent,2018
Alaska,2014 - 2018,Independent,2017
Alaska,2014 - 2018,Independent,2016
Alaska,2014 - 2018,Independent,2015
Alaska,1994 - 2002,Democrat,2002
Alaska,2002 - 2006,Republican,2002
Alaska,2009 - 2014,Republican,2012
Alaska,2006 - 2009,Republican,2006
Alaska,2006 - 2009,Republican,2007
Alaska,2006 - 2009,Republican,2008
Alaska,2006 - 2009,Republican,2009
American Samoa,1997 - 2003,Democrat,2001
American Samoa,1985 - 1989,Democrat,1986
American Samoa,1985 - 1989,Democrat,1987
American Samoa,1985 - 1989,Democrat,1988
American Samoa,1985 - 1989,Democrat,1989
American Samoa,2003 - 2013,Democrat,2003
American Samoa,1997 - 2003,Democrat,1997
American Samoa,1997 - 2003,Democrat,2003
American Samoa,1997 - 2003,Democrat,2002
American Samoa,1997 - 2003,Democrat,1998
American Samoa,1997 - 2003,Democrat,2000
American Samoa,2003 - 2013,Democrat,2013
American Samoa,1985 - 1989,Democrat,1985
American Samoa,2003 - 2013,Democrat,2012
American Samoa,1993 - 1997,Democrat,1997
American Samoa,2003 - 2013,Democrat,2004
American Samoa,2003 - 2013,Democrat,2011
American Samoa,2003 - 2013,Democrat,2010
American Samoa,2003 - 2013,Democrat,2009
American Samoa,2003 - 2013,Democrat,2008
American Samoa,2003 - 2013,Democrat,2007
American Samoa,2003 - 2013,Democrat,2006
American Samoa,1993 - 1997,Democrat,1996
American Samoa,1997 - 2003,Democrat,1999
American Samoa,1993 - 1997,Democrat,1993
American Samoa,1993 - 1997,Democrat,1994
American Samoa,1993 - 1997,Democrat,1995
American Samoa,2003 - 2013,Democrat,2005
Arizona,1997 - 2003,Republican,1998
Arizona,1997 - 2003,Republican,2000
Arizona,1997 - 2003,Republican,2001
Arizona,1997 - 2003,Republican,2002
Arizona,1997 - 2003,Republican,1997
Arizona,1997 - 2003,Republican,2003
Arizona,1997 - 2003,Republican,1999
Arizona,2009 - 2015,Republican,2009
Arizona,2003 - 2009,Democrat,2008
Arizona,2003 - 2009,Democrat,2007
Arizona,2003 - 2009,Democrat,2006
Arizona,2003 - 2009,Democrat,2005
Arizona,2003 - 2009,Democrat,2004
Arizona,2003 - 2009,Democrat,2003
Arizona,2003 - 2009,Democrat,2009
Arizona,2009 - 2015,Republican,2014
Arizona,2009 - 2015,Republican,2013
Arizona,2009 - 2015,Republican,2012
Arizona,2009 - 2015,Republican,2011
Arizona,2009 - 2015,Republican,2010
Arizona,2009 - 2015,Republican,2015
Arkansas,1996 - 2007,Republican,2007
Arkansas,1996 - 2007,Republican,2006
Arkansas,1996 - 2007,Republican,2005
Arkansas,1996 - 2007,Republican,2004
Arkansas,1996 - 2007,Republican,2003
Arkansas,1996 - 2007,Republican,2002
Arkansas,1996 - 2007,Republican,1999
Arkansas,1996 - 2007,Republican,2000
Arkansas,1996 - 2007,Republican,1998
Arkansas,1996 - 2007,Republican,1997
Arkansas,1996 - 2007,Republican,1996
Arkansas,2007 - 2015,Democrat,2015
Arkansas,1996 - 2007,Republican,2001
Arkansas,1992 - 1996,Democrat,1996
Arkansas,2007 - 2015,Democrat,2014
Arkansas,2007 - 2015,Democrat,2009
Arkansas,2007 - 2015,Democrat,2010
Arkansas,1992 - 1996,Democrat,1995
Arkansas,1992 - 1996,Democrat,1994
Arkansas,1992 - 1996,Democrat,1993
Arkansas,1992 - 1996,Democrat,1992
Arkansas,2007 - 2015,Democrat,2007
Arkansas,2007 - 2015,Democrat,2008
Arkansas,2007 - 2015,Democrat,2013
Arkansas,2007 - 2015,Democrat,2012
Arkansas,2007 - 2015,Democrat,2011
California,2011 - 2019,Democrat,2013
California,2003 - 2011,Republican,2003
California,1975 - 1983,Democrat,1983
California,1975 - 1983,Democrat,1982
California,1975 - 1983,Democrat,1981
California,1975 - 1983,Democrat,1980
California,2003 - 2011,Republican,2004
California,1975 - 1983,Democrat,1979
California,1975 - 1983,Democrat,1978
California,1975 - 1983,Democrat,1977
California,2003 - 2011,Republican,2009
California,2003 - 2011,Republican,2008
California,2003 - 2011,Republican,2007
California,2003 - 2011,Republican,2006
California,2011 - 2019,Democrat,2011
California,1975 - 1983,Democrat,1976
California,1975 - 1983,Democrat,1975
California,2011 - 2019,Democrat,2019
California,2011 - 2019,Democrat,2018
California,2011 - 2019,Democrat,2017
California,2011 - 2019,Democrat,2016
California,2011 - 2019,Democrat,2015
California,2011 - 2019,Democrat,2014
California,2011 - 2019,Democrat,2012
California,2003 - 2011,Republican,2005
California,1999 - 2003,Democrat,2002
California,1999 - 2003,Democrat,2001
California,1999 - 2003,Democrat,2000
California,1999 - 2003,Democrat,2003
California,1999 - 2003,Democrat,1999
California,2003 - 2011,Republican,2010
California,2003 - 2011,Republican,2011
Colorado,2007 - 2011,Democrat,2011
Colorado,1999 - 2007,Republican,2007
Colorado,1999 - 2007,Republican,2006
Colorado,1999 - 2007,Republican,2005
Colorado,1999 - 2007,Republican,2004
Colorado,1999 - 2007,Republican,2003
Colorado,1999 - 2007,Republican,2002
Colorado,2015 - 2019,Democrat,2015
Colorado,1999 - 2007,Republican,2000
Colorado,1999 - 2007,Republican,2001
Colorado,2007 - 2011,Democrat,2008
Colorado,2007 - 2011,Democrat,2010
Colorado,2007 - 2011,Democrat,2009
Colorado,1999 - 2007,Republican,1999
Colorado,2007 - 2011,Democrat,2007
Colorado,2011 - 2015,Democrat,2015
Colorado,2011 - 2015,Democrat,2014
Colorado,2015 - 2019,Democrat,2016
Colorado,2011 - 2015,Democrat,2012
Colorado,2011 - 2015,Democrat,2011
Colorado,2015 - 2019,Democrat,2019
Colorado,2015 - 2019,Democrat,2018
Colorado,2015 - 2019,Democrat,2017
Colorado,2011 - 2015,Democrat,2013
Connecticut,2004 - 2011,Republican,2011
Connecticut,2004 - 2011,Republican,2010
Connecticut,2004 - 2011,Republican,2009
Connecticut,2004 - 2011,Republican,2008
Connecticut,2004 - 2011,Republican,2007
Connecticut,2004 - 2011,Republican,2006
Connecticut,2004 - 2011,Republican,2005
Connecticut,2004 - 2011,Republican,2004
Connecticut,1995 - 2004,Republican,1996
Connecticut,1995 - 2004,Republican,1995
Connecticut,1995 - 2004,Republican,1998
Connecticut,1995 - 2004,Republican,1999
Connecticut,1995 - 2004,Republican,2000
Connecticut,1995 - 2004,Republican,2004
Connecticut,2015 - 2019,Democrat,2016
Connecticut,2015 - 2019,Democrat,2017
Connecticut,2015 - 2019,Democrat,2018
Connecticut,2015 - 2019,Democrat,2019
Connecticut,1995 - 2004,Republican,2001
Connecticut,1995 - 2004,Republican,2002
Connecticut,1995 - 2004,Republican,2003
Connecticut,2011 - 2015,Democrat,2011
Connecticut,2011 - 2015,Democrat,2012
Connecticut,2011 - 2015,Democrat,2013
Connecticut,2011 - 2015,Democrat,2014
Connecticut,2011 - 2015,Democrat,2015
Connecticut,2015 - 2019,Democrat,2015
Connecticut,1995 - 2004,Republican,1997
Delaware,2009 - 2017,Democrat,2012
Delaware,2009 - 2017,Democrat,2010
Delaware,2009 - 2017,Democrat,2011
Delaware,2009 - 2017,Democrat,2013
Delaware,2009 - 2017,Democrat,2014
Delaware,2009 - 2017,Democrat,2015
Delaware,2009 - 2017,Democrat,2009
Delaware,1992 - 1993,Republican,1993
Delaware,2001 - 2009,Democrat,2005
Delaware,1993 - 2001,Democrat,2001
Delaware,1993 - 2001,Democrat,2000
Delaware,1993 - 2001,Democrat,1999
Delaware,1993 - 2001,Democrat,1998
Delaware,1993 - 2001,Democrat,1997
Delaware,1993 - 2001,Democrat,1996
Delaware,1993 - 2001,Democrat,1995
Delaware,1992 - 1993,Republican,1992
Delaware,2009 - 2017,Democrat,2016
Delaware,2001 - 2009,Democrat,2004
Delaware,2001 - 2009,Democrat,2003
Delaware,1993 - 2001,Democrat,1993
Delaware,1993 - 2001,Democrat,1994
Delaware,2001 - 2009,Democrat,2009
Delaware,2001 - 2009,Democrat,2008
Delaware,2001 - 2009,Democrat,2007
Delaware,2001 - 2009,Democrat,2006
Delaware,2009 - 2017,Democrat,2017
Delaware,2001 - 2009,Democrat,2002
Delaware,2001 - 2009,Democrat,2001
Florida,1999 - 2007,Republican,2007
Florida,1999 - 2007,Republican,2006
Florida,1999 - 2007,Republican,2002
Florida,1999 - 2007,Republican,2001
Florida,1999 - 2007,Republican,2004
Florida,1999 - 2007,Republican,2003
Florida,1999 - 2007,Republican,2005
Florida,1999 - 2007,Republican,2000
Florida,2011 - 2015,Republican,2014
Florida,2015 - 2019,Republican,2016
Florida,2011 - 2015,Republican,2015
Florida,1998 - 1999,Democrat,1998
Florida,2011 - 2015,Republican,2013
Florida,2011 - 2015,Republican,2012
Florida,2011 - 2015,Republican,2011
Florida,2015 - 2019,Republican,2019
Florida,2015 - 2019,Republican,2018
Florida,2015 - 2019,Republican,2017
Florida,1999 - 2007,Republican,1999
Florida,1998 - 1999,Democrat,1999
Florida,2015 - 2019,Republican,2015
Florida,2007 - 2011,Republican,2010
Florida,2007 - 2011,Republican,2009
Florida,2007 - 2011,Republican,2011
Florida,2007 - 2011,Republican,2008
Florida,2007 - 2011,Republican,2007
Georgia,2003 - 2011,Republican,2004
Georgia,2003 - 2011,Republican,2005
Georgia,2003 - 2011,Republican,2006
Georgia,2003 - 2011,Republican,2011
Georgia,1999 - 2003,Democrat,2002
Georgia,2003 - 2011,Republican,2009
Georgia,2003 - 2011,Republican,2008
Georgia,2015 - 2019,Republican,2015
Georgia,2015 - 2019,Republican,2016
Georgia,2011 - 2015,Republican,2011
Georgia,1999 - 2003,Democrat,2000
Georgia,1999 - 2003,Democrat,1999
Georgia,1999 - 2003,Democrat,2003
Georgia,2003 - 2011,Republican,2010
Georgia,2003 - 2011,Republican,2007
Georgia,1999 - 2003,Democrat,2001
Georgia,2011 - 2015,Republican,2012
Georgia,2011 - 2015,Republican,2013
Georgia,2011 - 2015,Republican,2014
Georgia,2011 - 2015,Republican,2015
Georgia,2015 - 2019,Republican,2017
Georgia,2015 - 2019,Republican,2018
Georgia,2015 - 2019,Republican,2019
Georgia,2003 - 2011,Republican,2003
Guam,1995 - 2003,Democrat,2003
Guam,1995 - 2003,Democrat,2002
Guam,2003 - 2011,Republican,2009
Guam,2003 - 2011,Republican,2010
Guam,1995 - 2003,Democrat,2001
Guam,1995 - 2003,Democrat,2000
Guam,2011 - 2015,Republican,2015
Guam,2011 - 2015,Republican,2011
Guam,2015 - 2019,Republican,2019
Guam,2003 - 2011,Republican,2004
Guam,2003 - 2011,Republican,2011
Guam,1995 - 2003,Democrat,1995
Guam,1995 - 2003,Democrat,1996
Guam,2011 - 2015,Republican,2014
Guam,2011 - 2015,Republican,2013
Guam,1995 - 2003,Democrat,1997
Guam,1995 - 2003,Democrat,1998
Guam,1995 - 2003,Democrat,1999
Guam,2015 - 2019,Republican,2017
Guam,2015 - 2019,Republican,2018
Guam,2011 - 2015,Republican,2012
Guam,2015 - 2019,Republican,2015
Guam,2015 - 2019,Republican,2016
Guam,2003 - 2011,Republican,2005
Guam,2003 - 2011,Republican,2006
Guam,2003 - 2011,Republican,2003
Guam,2003 - 2011,Republican,2007
Guam,2003 - 2011,Republican,2008
Hawaii,2010 - 2014,Democrat,2013
Hawaii,1994 - 2002,Democrat,2001
Hawaii,1994 - 2002,Democrat,2000
Hawaii,1994 - 2002,Democrat,1999
Hawaii,1994 - 2002,Democrat,1998
Hawaii,1994 - 2002,Democrat,1997
Hawaii,1994 - 2002,Democrat,1996
Hawaii,1994 - 2002,Democrat,1995
Hawaii,1994 - 2002,Democrat,1994
Hawaii,2002 - 2010,Republican,2002
Hawaii,2010 - 2014,Democrat,2014
Hawaii,2002 - 2010,Republican,2003
Hawaii,2002 - 2010,Republican,2010
Hawaii,2010 - 2014,Democrat,2012
Hawaii,2010 - 2014,Democrat,2011
Hawaii,2010 - 2014,Democrat,2010
Hawaii,2002 - 2010,Republican,2005
Hawaii,2002 - 2010,Republican,2006
Hawaii,2002 - 2010,Republican,2004
Hawaii,2002 - 2010,Republican,2007
Hawaii,2002 - 2010,Republican,2009
Hawaii,2002 - 2010,Republican,2008
Hawaii,1994 - 2002,Democrat,2002
Idaho,1995 - 1999,Republican,1999
Idaho,1995 - 1999,Republican,1998
Idaho,1995 - 1999,Republican,1997
Idaho,2007 - 2019,Republican,2019
Idaho,1995 - 1999,Republican,1996
Idaho,1995 - 1999,Republican,1995
Idaho,2007 - 2019,Republican,2007
Idaho,2007 - 2019,Republican,2009
Idaho,2007 - 2019,Republican,2014
Idaho,2007 - 2019,Republican,2016
Idaho,2007 - 2019,Republican,2017
Idaho,2007 - 2019,Republican,2018
Idaho,2006 - 2007,Republican,2007
Idaho,2007 - 2019,Republican,2013
Idaho,2007 - 2019,Republican,2008
Idaho,2006 - 2007,Republican,2006
Idaho,1999 - 2006,Republican,1999
Idaho,1999 - 2006,Republican,2000
Idaho,2007 - 2019,Republican,2015
Idaho,1999 - 2006,Republican,2002
Idaho,1999 - 2006,Republican,2003
Idaho,1999 - 2006,Republican,2004
Idaho,2007 - 2019,Republican,2010
Idaho,1999 - 2006,Republican,2005
Idaho,1999 - 2006,Republican,2006
Idaho,2007 - 2019,Republican,2011
Idaho,1999 - 2006,Republican,2001
Idaho,2007 - 2019,Republican,2012
Illinois,2015 - 2019,Republican,2016
Illinois,2003 - 2009,Democrat,2007
Illinois,2003 - 2009,Democrat,2009
Illinois,2003 - 2009,Democrat,2006
Illinois,2003 - 2009,Democrat,2005
Illinois,2003 - 2009,Democrat,2004
Illinois,2003 - 2009,Democrat,2008
Illinois,2003 - 2009,Democrat,2003
Illinois,2009 - 2015,Democrat,2010
Illinois,2015 - 2019,Republican,2017
Illinois,2015 - 2019,Republican,2019
Illinois,1999 - 2003,Republican,2003
Illinois,1999 - 2003,Republican,2001
Illinois,2015 - 2019,Republican,2015
Illinois,1999 - 2003,Republican,2000
Illinois,1999 - 2003,Republican,1999
Illinois,2009 - 2015,Democrat,2009
Illinois,1999 - 2003,Republican,2002
Illinois,2009 - 2015,Democrat,2011
Illinois,2015 - 2019,Republican,2018
Illinois,2009 - 2015,Democrat,2015
Illinois,2009 - 2015,Democrat,2014
Illinois,2009 - 2015,Democrat,2012
Illinois,2009 - 2015,Democrat,2013
Indiana,2013 - 2017,Republican,2013
Indiana,1997 - 2003,Democrat,2000
Indiana,1997 - 2003,Democrat,2001
Indiana,1997 - 2003,Democrat,2002
Indiana,2005 - 2013,Republican,2010
Indiana,2005 - 2013,Republican,2011
Indiana,2005 - 2013,Republican,2012
Indiana,2005 - 2013,Republican,2013
Indiana,1997 - 2003,Democrat,2003
Indiana,1997 - 2003,Democrat,1999
Indiana,1997 - 2003,Democrat,1998
Indiana,2005 - 2013,Republican,2007
Indiana,2005 - 2013,Republican,2009
Indiana,2005 - 2013,Republican,2008
Indiana,2003 - 2005,Democrat,2005
Indiana,2005 - 2013,Republican,2005
Indiana,2003 - 2005,Democrat,2003
Indiana,2003 - 2005,Democrat,2004
Indiana,2013 - 2017,Republican,2017
Indiana,2013 - 2017,Republican,2016
Indiana,2013 - 2017,Republican,2015
Indiana,2013 - 2017,Republican,2014
Indiana,1997 - 2003,Democrat,1997
Indiana,2005 - 2013,Republican,2006
Iowa,1999 - 2007,Democrat,2006
Iowa,2007 - 2011,Democrat,2010
Iowa,1983 - 1999,Republican,1989
Iowa,1983 - 1999,Republican,1990
Iowa,1983 - 1999,Republican,1991
Iowa,1983 - 1999,Republican,1992
Iowa,1983 - 1999,Republican,1993
Iowa,1983 - 1999,Republican,1994
Iowa,1983 - 1999,Republican,1995
Iowa,1983 - 1999,Republican,1996
Iowa,2007 - 2011,Democrat,2011
Iowa,1983 - 1999,Republican,1997
Iowa,1983 - 1999,Republican,1999
Iowa,2011 - 2017,Republican,2011
Iowa,2011 - 2017,Republican,2012
Iowa,2011 - 2017,Republican,2013
Iowa,2011 - 2017,Republican,2014
Iowa,2011 - 2017,Republican,2015
Iowa,2011 - 2017,Republican,2016
Iowa,2011 - 2017,Republican,2017
Iowa,1983 - 1999,Republican,1998
Iowa,1983 - 1999,Republican,1987
Iowa,1983 - 1999,Republican,1988
Iowa,1983 - 1999,Republican,1985
Iowa,2007 - 2011,Democrat,2009
Iowa,2007 - 2011,Democrat,2008
Iowa,2007 - 2011,Democrat,2007
Iowa,1999 - 2007,Democrat,1999
Iowa,1983 - 1999,Republican,1986
Iowa,1999 - 2007,Democrat,2001
Iowa,1999 - 2007,Democrat,2002
Iowa,1999 - 2007,Democrat,2000
Iowa,1999 - 2007,Democrat,2004
Iowa,1999 - 2007,Democrat,2005
Iowa,1999 - 2007,Democrat,2007
Iowa,1983 - 1999,Republican,1983
Iowa,1983 - 1999,Republican,1984
Iowa,1999 - 2007,Democrat,2003
Kansas,2003 - 2009,Democrat,2009
Kansas,2003 - 2009,Democrat,2003
Kansas,2003 - 2009,Democrat,2004
Kansas,2003 - 2009,Democrat,2005
Kansas,2003 - 2009,Democrat,2006
Kansas,2003 - 2009,Democrat,2007
Kansas,2018 - 2019,Republican,2019
Kansas,2003 - 2009,Democrat,2008
Kansas,2015 - 2018,Republican,2015
Kansas,2018 - 2019,Republican,2018
Kansas,2015 - 2018,Republican,2017
Kansas,1995 - 2003,Republican,2003
Kansas,1995 - 2003,Republican,2002
Kansas,1995 - 2003,Republican,2001
Kansas,1995 - 2003,Republican,2000
Kansas,1995 - 2003,Republican,1999
Kansas,1995 - 2003,Republican,1998
Kansas,2015 - 2018,Republican,2016
Kansas,1995 - 2003,Republican,1996
Kansas,1995 - 2003,Republican,1995
Kansas,2009 - 2011,Democrat,2009
Kansas,2009 - 2011,Democrat,2010
Kansas,2009 - 2011,Democrat,2011
Kansas,2011 - 2015,Republican,2015
Kansas,1995 - 2003,Republican,1997
Kansas,2011 - 2015,Republican,2011
Kansas,2011 - 2015,Republican,2012
Kansas,2011 - 2015,Republican,2013
Kansas,2015 - 2018,Republican,2018
Kansas,2011 - 2015,Republican,2014
Kentucky,2007 - 2015,Democrat,2015
Kentucky,1995 - 2003,Democrat,2001
Kentucky,1995 - 2003,Democrat,2002
Kentucky,1995 - 2003,Democrat,2003
Kentucky,2015 - 2019,Republican,2019
Kentucky,2015 - 2019,Republican,2018
Kentucky,2015 - 2019,Republican,2017
Kentucky,2015 - 2019,Republican,2016
Kentucky,2003 - 2007,Republican,2007
Kentucky,2003 - 2007,Republican,2006
Kentucky,2003 - 2007,Republican,2005
Kentucky,2003 - 2007,Republican,2004
Kentucky,2003 - 2007,Republican,2003
Kentucky,1991 - 1995,Democrat,1991
Kentucky,1991 - 1995,Democrat,1992
Kentucky,1991 - 1995,Democrat,1993
Kentucky,1991 - 1995,Democrat,1994
Kentucky,1991 - 1995,Democrat,1995
Kentucky,1995 - 2003,Democrat,2000
Kentucky,1995 - 2003,Democrat,1999
Kentucky,2015 - 2019,Republican,2015
Kentucky,1995 - 2003,Democrat,1997
Kentucky,2007 - 2015,Democrat,2007
Kentucky,2007 - 2015,Democrat,2008
Kentucky,2007 - 2015,Democrat,2009
Kentucky,1995 - 2003,Democrat,1998
Kentucky,2007 - 2015,Democrat,2011
Kentucky,2007 - 2015,Democrat,2012
Kentucky,2007 - 2015,Democrat,2010
Kentucky,1995 - 2003,Democrat,1996
Kentucky,1995 - 2003,Democrat,1995
Kentucky,2007 - 2015,Democrat,2014
Kentucky,2007 - 2015,Democrat,2013
Louisiana,1992 - 2004,Republican,1992
Louisiana,1992 - 2004,Republican,2004
Louisiana,1992 - 2004,Republican,2003
Louisiana,1992 - 2004,Republican,2002
Louisiana,2004 - 2008,Democrat,2008
Louisiana,2004 - 2008,Democrat,2007
Louisiana,2004 - 2008,Democrat,2006
Louisiana,2004 - 2008,Democrat,2005
Louisiana,2008 - 2016,Republican,2008
Louisiana,2004 - 2008,Democrat,2004
Louisiana,1992 - 2004,Republican,2001
Louisiana,1992 - 2004,Republican,2000
Louisiana,1992 - 2004,Republican,1999
Louisiana,1992 - 2004,Republican,1997
Louisiana,1992 - 2004,Republican,1996
Louisiana,2008 - 2016,Republican,2015
Louisiana,2008 - 2016,Republican,2009
Louisiana,1992 - 2004,Republican,1995
Louisiana,1992 - 2004,Republican,1994
Louisiana,2008 - 2016,Republican,2014
Louisiana,2008 - 2016,Republican,2013
Louisiana,2008 - 2016,Republican,2012
Louisiana,2008 - 2016,Republican,2011
Louisiana,2008 - 2016,Republican,2010
Louisiana,1992 - 2004,Republican,1993
Louisiana,1992 - 2004,Republican,1998
Louisiana,2008 - 2016,Republican,2016
Maine,1995 - 2003,Independent,2001
Maine,2003 - 2011,Democrat,2009
Maine,1995 - 2003,Independent,1999
Maine,1995 - 2003,Independent,1998
Maine,1995 - 2003,Independent,1997
Maine,1995 - 2003,Independent,1996
Maine,1995 - 2003,Independent,1995
Maine,2003 - 2011,Democrat,2011
Maine,2003 - 2011,Democrat,2008
Maine,2003 - 2011,Democrat,2007
Maine,2003 - 2011,Democrat,2006
Maine,2003 - 2011,Democrat,2005
Maine,2003 - 2011,Democrat,2004
Maine,2003 - 2011,Democrat,2003
Maine,1995 - 2003,Independent,2003
Maine,1995 - 2003,Independent,2000
Maine,1995 - 2003,Independent,2002
Maine,2003 - 2011,Democrat,2010
Maine,2011 - 2019,Republican,2016
Maine,2011 - 2019,Republican,2011
Maine,2011 - 2019,Republican,2012
Maine,2011 - 2019,Republican,2019
Maine,2011 - 2019,Republican,2018
Maine,2011 - 2019,Republican,2017
Maine,2011 - 2019,Republican,2015
Maine,2011 - 2019,Republican,2014
Maine,2011 - 2019,Republican,2013
Maryland,2007 - 2015,Democrat,2013
Maryland,2007 - 2015,Democrat,2011
Maryland,2007 - 2015,Democrat,2010
Maryland,2007 - 2015,Democrat,2009
Maryland,2007 - 2015,Democrat,2008
Maryland,2007 - 2015,Democrat,2007
Maryland,1995 - 2003,Democrat,1999
Maryland,2003 - 2007,Republican,2007
Maryland,2003 - 2007,Republican,2006
Maryland,2003 - 2007,Republican,2005
Maryland,2003 - 2007,Republican,2004
Maryland,2003 - 2007,Republican,2003
Maryland,2007 - 2015,Democrat,2014
Maryland,2007 - 2015,Democrat,2015
Maryland,2007 - 2015,Democrat,2012
Maryland,1995 - 2003,Democrat,1996
Maryland,1995 - 2003,Democrat,1997
Maryland,1995 - 2003,Democrat,1998
Maryland,1995 - 2003,Democrat,2003
Maryland,1995 - 2003,Democrat,2002
Maryland,1995 - 2003,Democrat,2001
Maryland,1995 - 2003,Democrat,2000
Maryland,1995 - 2003,Democrat,1995
Massachusetts,1997 - 2001,Republican,1999
Massachusetts,1997 - 2001,Republican,2000
Massachusetts,1997 - 2001,Republican,2001
Massachusetts,2007 - 2015,Democrat,2014
Massachusetts,2001 - 2003,Republican,2003
Massachusetts,2001 - 2003,Republican,2002
Massachusetts,2001 - 2003,Republican,2001
Massachusetts,2007 - 2015,Democrat,2012
Massachusetts,2007 - 2015,Democrat,2011
Massachusetts,2007 - 2015,Democrat,2010
Massachusetts,2007 - 2015,Democrat,2009
Massachusetts,2007 - 2015,Democrat,2008
Massachusetts,2007 - 2015,Democrat,2007
Massachusetts,2003 - 2007,Republican,2003
Massachusetts,2003 - 2007,Republican,2004
Massachusetts,2003 - 2007,Republican,2005
Massachusetts,2003 - 2007,Republican,2006
Massachusetts,2003 - 2007,Republican,2007
Massachusetts,1997 - 2001,Republican,1998
Massachusetts,2007 - 2015,Democrat,2013
Massachusetts,1997 - 2001,Republican,1997
Massachusetts,2007 - 2015,Democrat,2015
Michigan,2011 - 2019,Republican,2014
Michigan,2011 - 2019,Republican,2019
Michigan,2011 - 2019,Republican,2018
Michigan,2011 - 2019,Republican,2017
Michigan,2011 - 2019,Republican,2016
Michigan,2011 - 2019,Republican,2015
Michigan,2011 - 2019,Republican,2013
Michigan,2003 - 2011,Democrat,2011
Michigan,2003 - 2011,Democrat,2010
Michigan,2003 - 2011,Democrat,2009
Michigan,2003 - 2011,Democrat,2008
Michigan,2003 - 2011,Democrat,2007
Michigan,2003 - 2011,Democrat,2006
Michigan,2003 - 2011,Democrat,2005
Michigan,2003 - 2011,Democrat,2004
Michigan,2003 - 2011,Democrat,2003
Michigan,2011 - 2019,Republican,2012
Michigan,2011 - 2019,Republican,2011
Minnesota,1999 - 2003,Independent,1999
Minnesota,1999 - 2003,Independent,2003
Minnesota,1999 - 2003,Independent,2002
Minnesota,1999 - 2003,Independent,2001
Minnesota,1999 - 2003,Independent,2000
Minnesota,2003 - 2011,Republican,2003
Minnesota,2011 - 2019,Democrat,2011
Minnesota,2003 - 2011,Republican,2004
Minnesota,2003 - 2011,Republican,2006
Minnesota,2003 - 2011,Republican,2007
Minnesota,2003 - 2011,Republican,2008
Minnesota,2003 - 2011,Republican,2009
Minnesota,2003 - 2011,Republican,2010
Minnesota,2003 - 2011,Republican,2011
Minnesota,2003 - 2011,Republican,2005
Minnesota,2011 - 2019,Democrat,2012
Minnesota,2011 - 2019,Democrat,2019
Minnesota,2011 - 2019,Democrat,2014
Minnesota,2011 - 2019,Democrat,2015
Minnesota,2011 - 2019,Democrat,2018
Minnesota,2011 - 2019,Democrat,2017
Minnesota,2011 - 2019,Democrat,2016
Minnesota,2011 - 2019,Democrat,2013
Mississippi,2004 - 2012,Republican,2007
Mississippi,2004 - 2012,Republican,2006
Mississippi,2004 - 2012,Republican,2005
Mississippi,2004 - 2012,Republican,2004
Mississippi,2000 - 2004,Democrat,2000
Mississippi,2016 - 2020,Republican,2017
Mississippi,2016 - 2020,Republican,2016
Mississippi,2012 - 2016,Republican,2016
Mississippi,1992 - 2000,Republican,1992
Mississippi,1992 - 2000,Republican,1993
Mississippi,1992 - 2000,Republican,1994
Mississippi,1992 - 2000,Republican,1995
Mississippi,2012 - 2016,Republican,2012
Mississippi,2012 - 2016,Republican,2013
Mississippi,2012 - 2016,Republican,2014
Mississippi,2004 - 2012,Republican,2008
Mississippi,2004 - 2012,Republican,2009
Mississippi,2004 - 2012,Republican,2010
Mississippi,2004 - 2012,Republican,2011
Mississippi,1992 - 2000,Republican,1998
Mississippi,1992 - 2000,Republican,1999
Mississippi,1992 - 2000,Republican,2000
Mississippi,2016 - 2020,Republican,2020
Mississippi,2016 - 2020,Republican,2019
Mississippi,2016 - 2020,Republican,2018
Mississippi,2012 - 2016,Republican,2015
Mississippi,1992 - 2000,Republican,1996
Mississippi,2000 - 2004,Democrat,2004
Mississippi,2000 - 2004,Democrat,2003
Mississippi,1992 - 2000,Republican,1997
Mississippi,2000 - 2004,Democrat,2002
Mississippi,2000 - 2004,Democrat,2001
Mississippi,2004 - 2012,Republican,2012
Missouri,2009 - 2017,Democrat,2015
Missouri,2000 - 2001,Democrat,2001
Missouri,2009 - 2017,Democrat,2017
Missouri,2009 - 2017,Democrat,2014
Missouri,2009 - 2017,Democrat,2013
Missouri,2017 - 2018,Republican,2017
Missouri,2017 - 2018,Republican,2018
Missouri,2009 - 2017,Democrat,2016
Missouri,2000 - 2001,Democrat,2000
Missouri,1993 - 2000,Democrat,1999
Missouri,2001 - 2005,Democrat,2003
Missouri,2005 - 2009,Republican,2005
Missouri,2005 - 2009,Republican,2006
Missouri,2005 - 2009,Republican,2007
Missouri,2005 - 2009,Republican,2008
Missouri,2005 - 2009,Republican,2009
Missouri,2009 - 2017,Democrat,2010
Missouri,2009 - 2017,Democrat,2009
Missouri,2001 - 2005,Democrat,2001
Missouri,2009 - 2017,Democrat,2011
Missouri,2001 - 2005,Democrat,2002
Missouri,2001 - 2005,Democrat,2004
Missouri,2009 - 2017,Democrat,2012
Missouri,1993 - 2000,Democrat,1998
Missouri,1993 - 2000,Democrat,1997
Missouri,1993 - 2000,Democrat,1996
Missouri,1993 - 2000,Democrat,1995
Missouri,1993 - 2000,Democrat,1994
Missouri,1993 - 2000,Democrat,1993
Missouri,2001 - 2005,Democrat,2005
Missouri,1993 - 2000,Democrat,2000
Montana,2001 - 2005,Republican,2004
Montana,2001 - 2005,Republican,2001
Montana,2001 - 2005,Republican,2002
Montana,2001 - 2005,Republican,2003
Montana,2005 - 2013,Democrat,2007
Montana,2001 - 2005,Republican,2005
Montana,2005 - 2013,Democrat,2008
Montana,2005 - 2013,Democrat,2012
Montana,1993 - 2001,Republican,1995
Montana,1993 - 2001,Republican,1996
Montana,2005 - 2013,Democrat,2006
Montana,2005 - 2013,Democrat,2013
Montana,1993 - 2001,Republican,1993
Montana,2005 - 2013,Democrat,2011
Montana,2005 - 2013,Democrat,2010
Montana,2005 - 2013,Democrat,2009
Montana,1993 - 2001,Republican,1997
Montana,2005 - 2013,Democrat,2005
Montana,1993 - 2001,Republican,1998
Montana,1993 - 2001,Republican,2000
Montana,1993 - 2001,Republican,2001
Montana,1993 - 2001,Republican,1999
Montana,1993 - 2001,Republican,1994
Nebraska,2005 - 2015,Republican,2006
Nebraska,2005 - 2015,Republican,2005
Nebraska,1999 - 2005,Republican,1999
Nebraska,1999 - 2005,Republican,2000
Nebraska,1999 - 2005,Republican,2001
Nebraska,1999 - 2005,Republican,2002
Nebraska,1999 - 2005,Republican,2003
Nebraska,1999 - 2005,Republican,2005
Nebraska,2005 - 2015,Republican,2007
Nebraska,2005 - 2015,Republican,2008
Nebraska,2005 - 2015,Republican,2009
Nebraska,2005 - 2015,Republican,2010
Nebraska,2005 - 2015,Republican,2011
Nebraska,2005 - 2015,Republican,2012
Nebraska,2005 - 2015,Republican,2013
Nebraska,1999 - 2005,Republican,2004
Nebraska,2005 - 2015,Republican,2014
Nebraska,2005 - 2015,Republican,2015
Nevada,2007 - 2011,Republican,2009
Nevada,1999 - 2007,Republican,2006
Nevada,1999 - 2007,Republican,2007
Nevada,2011 - 2019,Republican,2017
Nevada,2011 - 2019,Republican,2016
Nevada,1999 - 2007,Republican,2000
Nevada,2007 - 2011,Republican,2011
Nevada,2007 - 2011,Republican,2010
Nevada,1999 - 2007,Republican,1999
Nevada,2011 - 2019,Republican,2015
Nevada,2011 - 2019,Republican,2014
Nevada,2011 - 2019,Republican,2013
Nevada,2011 - 2019,Republican,2011
Nevada,2011 - 2019,Republican,2012
Nevada,1999 - 2007,Republican,2002
Nevada,1999 - 2007,Republican,2003
Nevada,1999 - 2007,Republican,2004
Nevada,2007 - 2011,Republican,2008
Nevada,2007 - 2011,Republican,2007
Nevada,2011 - 2019,Republican,2018
Nevada,2011 - 2019,Republican,2019
Nevada,1999 - 2007,Republican,2005
Nevada,1999 - 2007,Republican,2001
New Hampshire,2005 - 2013,Democrat,2010
New Hampshire,1993 - 1997,Republican,1995
New Hampshire,2005 - 2013,Democrat,2013
New Hampshire,2017 - 2017,Republican,2017
New Hampshire,2005 - 2013,Democrat,2011
New Hampshire,2005 - 2013,Democrat,2009
New Hampshire,2005 - 2013,Democrat,2012
New Hampshire,2005 - 2013,Democrat,2007
New Hampshire,1997 - 2003,Democrat,2003
New Hampshire,1993 - 1997,Republican,1997
New Hampshire,1993 - 1997,Republican,1993
New Hampshire,1993 - 1997,Republican,1994
New Hampshire,2005 - 2013,Democrat,2008
New Hampshire,2003 - 2005,Republican,2003
New Hampshire,1993 - 1997,Republican,1996
New Hampshire,2003 - 2005,Republican,2005
New Hampshire,2013 - 2017,Democrat,2015
New Hampshire,2013 - 2017,Democrat,2016
New Hampshire,2013 - 2017,Democrat,2017
New Hampshire,1997 - 2003,Democrat,1997
New Hampshire,1997 - 2003,Democrat,1998
New Hampshire,1997 - 2003,Democrat,1999
New Hampshire,2003 - 2005,Republican,2004
New Hampshire,2013 - 2017,Democrat,2013
New Hampshire,1997 - 2003,Democrat,2000
New Hampshire,2005 - 2013,Democrat,2006
New Hampshire,1997 - 2003,Democrat,2001
New Hampshire,1997 - 2003,Democrat,2002
New Hampshire,2005 - 2013,Democrat,2005
New Hampshire,2013 - 2017,Democrat,2014
New Jersey,2002 - 2002,Democrat,2002
New Jersey,2001 - 2002,Republican,2002
New Jersey,2010 - 2018,Republican,2012
New Jersey,2010 - 2018,Republican,2011
New Jersey,2010 - 2018,Republican,2013
New Jersey,2001 - 2002,Republican,2001
New Jersey,2010 - 2018,Republican,2010
New Jersey,2010 - 2018,Republican,2014
New Jersey,2010 - 2018,Republican,2015
New Jersey,2010 - 2018,Republican,2016
New Jersey,1994 - 2001,Republican,2000
New Jersey,1994 - 2001,Republican,1999
New Jersey,2002 - 2002,Republican,2002
New Jersey,1994 - 2001,Republican,2001
New Jersey,2002 - 2004,Democrat,2002
New Jersey,1994 - 2001,Republican,1997
New Jersey,1994 - 2001,Republican,1996
New Jersey,1994 - 2001,Republican,1995
New Jersey,2002 - 2004,Democrat,2004
New Jersey,2002 - 2004,Democrat,2003
New Jersey,2010 - 2018,Republican,2017
New Jersey,1994 - 2001,Republican,1994
New Jersey,2006 - 2010,Democrat,2006
New Jersey,2006 - 2010,Democrat,2010
New Jersey,2010 - 2018,Republican,2018
New Jersey,2006 - 2010,Democrat,2007
New Jersey,2006 - 2010,Democrat,2008
New Jersey,2006 - 2010,Democrat,2009
New Jersey,1994 - 2001,Republican,1998
New Mexico,1995 - 2003,Republican,2003
New Mexico,1995 - 2003,Republican,2002
New Mexico,2011 - 2019,Republican,2017
New Mexico,1995 - 2003,Republican,2000
New Mexico,2003 - 2011,Democrat,2003
New Mexico,2003 - 2011,Democrat,2004
New Mexico,2003 - 2011,Democrat,2005
New Mexico,2003 - 2011,Democrat,2006
New Mexico,2003 - 2011,Democrat,2007
New Mexico,2003 - 2011,Democrat,2008
New Mexico,2003 - 2011,Democrat,2009
New Mexico,1995 - 2003,Republican,2001
New Mexico,2003 - 2011,Democrat,2011
New Mexico,2011 - 2019,Republican,2011
New Mexico,1995 - 2003,Republican,1995
New Mexico,1995 - 2003,Republican,1996
New Mexico,1995 - 2003,Republican,1997
New Mexico,1995 - 2003,Republican,1998
New Mexico,1995 - 2003,Republican,1999
New Mexico,2003 - 2011,Democrat,2010
New Mexico,2011 - 2019,Republican,2013
New Mexico,2011 - 2019,Republican,2019
New Mexico,2011 - 2019,Republican,2018
New Mexico,2011 - 2019,Republican,2016
New Mexico,2011 - 2019,Republican,2015
New Mexico,2011 - 2019,Republican,2014
New Mexico,2011 - 2019,Republican,2012
New York,1995 - 2007,Republican,2006
New York,1995 - 2007,Republican,2005
New York,2007 - 2008,Democrat,2007
New York,2007 - 2008,Democrat,2008
New York,1995 - 2007,Republican,2004
New York,1995 - 2007,Republican,2003
New York,1995 - 2007,Republican,2002
New York,1995 - 2007,Republican,2001
New York,1995 - 2007,Republican,2000
New York,1995 - 2007,Republican,2007
New York,1995 - 2007,Republican,1995
New York,1995 - 2007,Republican,1996
New York,1995 - 2007,Republican,1997
New York,1995 - 2007,Republican,1998
New York,1995 - 2007,Republican,1999
New York,2008 - 2011,Democrat,2009
New York,2008 - 2011,Democrat,2008
New York,2008 - 2011,Democrat,2010
New York,2008 - 2011,Democrat,2011
North Carolina,2013 - 2016,Republican,2013
North Carolina,2009 - 2013,Democrat,2011
North Carolina,2009 - 2013,Democrat,2010
North Carolina,2009 - 2013,Democrat,2009
North Carolina,2013 - 2016,Republican,2015
North Carolina,2013 - 2016,Republican,2014
North Carolina,2009 - 2013,Democrat,2012
North Carolina,1977 - 1985,Democrat,1981
North Carolina,1993 - 2001,Democrat,1995
North Carolina,1977 - 1985,Democrat,1982
North Carolina,1977 - 1985,Democrat,1983
North Carolina,1977 - 1985,Democrat,1984
North Carolina,2001 - 2009,Democrat,2006
North Carolina,2001 - 2009,Democrat,2005
North Carolina,1993 - 2001,Democrat,1996
North Carolina,2001 - 2009,Democrat,2004
North Carolina,2009 - 2013,Democrat,2013
North Carolina,2001 - 2009,Democrat,2001
North Carolina,1993 - 2001,Democrat,1994
North Carolina,1993 - 2001,Democrat,1993
North Carolina,2013 - 2016,Republican,2016
North Carolina,1977 - 1985,Democrat,1980
North Carolina,1977 - 1985,Democrat,1985
North Carolina,2001 - 2009,Democrat,2003
North Carolina,2001 - 2009,Democrat,2007
North Carolina,1993 - 2001,Democrat,1997
North Carolina,1977 - 1985,Democrat,1979
North Carolina,1977 - 1985,Democrat,1978
North Carolina,1977 - 1985,Democrat,1977
North Carolina,1993 - 2001,Democrat,2001
North Carolina,1993 - 2001,Democrat,2000
North Carolina,1993 - 2001,Democrat,1999
North Carolina,2001 - 2009,Democrat,2008
North Carolina,1993 - 2001,Democrat,1998
North Carolina,2001 - 2009,Democrat,2009
North Carolina,2001 - 2009,Democrat,2002
North Dakota,2010 - 2016,,2012
North Dakota,2010 - 2016,,2013
North Dakota,2010 - 2016,,2014
North Dakota,2010 - 2016,,2015
North Dakota,2010 - 2016,,2016
North Dakota,2010 - 2016,,2010
North Dakota,2010 - 2016,,2011
North Dakota,2000 - 2010,Republican,2008
North Dakota,2000 - 2010,Republican,2000
North Dakota,2000 - 2010,Republican,2001
North Dakota,2000 - 2010,Republican,2002
North Dakota,2000 - 2010,Republican,2003
North Dakota,2000 - 2010,Republican,2004
North Dakota,2000 - 2010,Republican,2005
North Dakota,2000 - 2010,Republican,2006
North Dakota,2000 - 2010,Republican,2007
North Dakota,2000 - 2010,Republican,2009
North Dakota,2000 - 2010,Republican,2010
North Dakota,1992 - 2000,Republican,2000
North Dakota,1992 - 2000,Republican,1997
North Dakota,1992 - 2000,Republican,1992
North Dakota,1992 - 2000,Republican,1993
North Dakota,1992 - 2000,Republican,1994
North Dakota,1992 - 2000,Republican,1995
North Dakota,1992 - 2000,Republican,1996
North Dakota,1992 - 2000,Republican,1998
North Dakota,1992 - 2000,Republican,1999
Northern Mariana Islands,1998 - 2002,Republican,1998
Northern Mariana Islands,1998 - 2002,Republican,1999
Northern Mariana Islands,1998 - 2002,Republican,2000
Northern Mariana Islands,1994 - 1998,Democrat,1995
Northern Mariana Islands,1994 - 1998,Democrat,1994
Northern Mariana Islands,1994 - 1998,Democrat,1997
Northern Mariana Islands,1994 - 1998,Democrat,1996
Northern Mariana Islands,1998 - 2002,Republican,2001
Northern Mariana Islands,1994 - 1998,Democrat,1998
Northern Mariana Islands,1982 - 1990,Republican,1990
Northern Mariana Islands,2006 - 2013,Republican,2007
Northern Mariana Islands,1982 - 1990,Republican,1988
Northern Mariana Islands,1982 - 1990,Republican,1987
Northern Mariana Islands,1982 - 1990,Republican,1986
Northern Mariana Islands,2006 - 2013,Republican,2006
Northern Mariana Islands,2013 - 2015,Republican,2015
Northern Mariana Islands,2013 - 2015,Republican,2014
Northern Mariana Islands,2013 - 2015,Republican,2013
Northern Mariana Islands,1982 - 1990,Republican,1985
Northern Mariana Islands,1982 - 1990,Republican,1989
Northern Mariana Islands,1982 - 1990,Republican,1983
Northern Mariana Islands,1982 - 1990,Republican,1982
Northern Mariana Islands,1982 - 1990,Republican,1984
Northern Mariana Islands,2006 - 2013,Republican,2013
Northern Mariana Islands,2006 - 2013,Republican,2012
Northern Mariana Islands,2006 - 2013,Republican,2008
Northern Mariana Islands,2006 - 2013,Republican,2011
Northern Mariana Islands,2006 - 2013,Republican,2010
Northern Mariana Islands,2002 - 2006,Republican,2006
Northern Mariana Islands,2002 - 2006,Republican,2005
Northern Mariana Islands,2002 - 2006,Republican,2004
Northern Mariana Islands,2002 - 2006,Republican,2003
Northern Mariana Islands,1998 - 2002,Republican,2002
Northern Mariana Islands,2006 - 2013,Republican,2009
Northern Mariana Islands,2002 - 2006,Republican,2002
Ohio,1999 - 2007,Republican,2007
Ohio,2011 - 2019,Republican,2011
Ohio,1999 - 2007,Republican,2005
Ohio,2011 - 2019,Republican,2012
Ohio,1999 - 2007,Republican,2004
Ohio,1999 - 2007,Republican,2002
Ohio,1999 - 2007,Republican,2006
Ohio,1998 - 1999,Republican,1998
Ohio,2011 - 2019,Republican,2019
Ohio,2011 - 2019,Republican,2013
Ohio,2011 - 2019,Republican,2014
Ohio,2011 - 2019,Republican,2015
Ohio,2011 - 2019,Republican,2016
Ohio,2011 - 2019,Republican,2017
Ohio,2011 - 2019,Republican,2018
Ohio,1999 - 2007,Republican,2001
Ohio,1998 - 1999,Republican,1999
Ohio,1999 - 2007,Republican,2000
Ohio,1999 - 2007,Republican,2003
Ohio,2007 - 2011,Democrat,2010
Ohio,2007 - 2011,Democrat,2008
Ohio,2007 - 2011,Democrat,2007
Ohio,2007 - 2011,Democrat,2011
Ohio,2007 - 2011,Democrat,2009
Ohio,1999 - 2007,Republican,1999
Oklahoma,1995 - 2003,Republican,1997
Oklahoma,1995 - 2003,Republican,1996
Oklahoma,1995 - 2003,Republican,1995
Oklahoma,2003 - 2011,Democrat,2009
Oklahoma,2003 - 2011,Democrat,2008
Oklahoma,2003 - 2011,Democrat,2006
Oklahoma,2011 - 2019,Republican,2011
Oklahoma,2003 - 2011,Democrat,2005
Oklahoma,1995 - 2003,Republican,1998
Oklahoma,2003 - 2011,Democrat,2004
Oklahoma,2003 - 2011,Democrat,2003
Oklahoma,2011 - 2019,Republican,2019
Oklahoma,2011 - 2019,Republican,2018
Oklahoma,2011 - 2019,Republican,2017
Oklahoma,2011 - 2019,Republican,2014
Oklahoma,2011 - 2019,Republican,2016
Oklahoma,2011 - 2019,Republican,2015
Oklahoma,2011 - 2019,Republican,2013
Oklahoma,1995 - 2003,Republican,1999
Oklahoma,2011 - 2019,Republican,2012
Oklahoma,2003 - 2011,Democrat,2007
Oklahoma,1995 - 2003,Republican,2002
Oklahoma,1995 - 2003,Republican,2003
Oklahoma,2003 - 2011,Democrat,2011
Oklahoma,2003 - 2011,Democrat,2010
Oklahoma,1995 - 2003,Republican,2001
Oklahoma,1995 - 2003,Republican,2000
Oregon,2003 - 2011,Democrat,2005
Oregon,2011 - 2015,Democrat,2014
Oregon,2003 - 2011,Democrat,2011
Oregon,2003 - 2011,Democrat,2004
Oregon,2003 - 2011,Democrat,2010
Oregon,2003 - 2011,Democrat,2009
Oregon,2003 - 2011,Democrat,2008
Oregon,2003 - 2011,Democrat,2007
Oregon,2003 - 2011,Democrat,2006
Oregon,2011 - 2015,Democrat,2013
Oregon,2003 - 2011,Democrat,2003
Oregon,1995 - 2003,Democrat,1995
Oregon,1995 - 2003,Democrat,1998
Oregon,1995 - 2003,Democrat,1996
Oregon,1995 - 2003,Democrat,1997
Oregon,2011 - 2015,Democrat,2015
Oregon,2011 - 2015,Democrat,2012
Oregon,2011 - 2015,Democrat,2011
Oregon,1995 - 2003,Democrat,2003
Oregon,1995 - 2003,Democrat,2002
Oregon,1995 - 2003,Democrat,2001
Oregon,1995 - 2003,Democrat,2000
Oregon,1995 - 2003,Democrat,1999
Pennsylvania,2011 - 2015,Republican,2012
Pennsylvania,2011 - 2015,Republican,2013
Pennsylvania,2003 - 2011,Democrat,2011
Pennsylvania,2001 - 2003,Republican,2002
Pennsylvania,1995 - 2001,Republican,2001
Pennsylvania,2011 - 2015,Republican,2014
Pennsylvania,1995 - 2001,Republican,2000
Pennsylvania,1995 - 2001,Republican,1999
Pennsylvania,1995 - 2001,Republican,1998
Pennsylvania,1995 - 2001,Republican,1997
Pennsylvania,2001 - 2003,Republican,2003
Pennsylvania,1995 - 2001,Republican,1996
Pennsylvania,1995 - 2001,Republican,1995
Pennsylvania,2011 - 2015,Republican,2015
Pennsylvania,2001 - 2003,Republican,2001
Pennsylvania,2003 - 2011,Democrat,2010
Pennsylvania,2003 - 2011,Democrat,2006
Pennsylvania,2003 - 2011,Democrat,2008
Pennsylvania,2011 - 2015,Republican,2011
Pennsylvania,2003 - 2011,Democrat,2005
Pennsylvania,2003 - 2011,Democrat,2004
Pennsylvania,2003 - 2011,Democrat,2003
Pennsylvania,2003 - 2011,Democrat,2009
Pennsylvania,2003 - 2011,Democrat,2007
Puerto Rico,2017 - 2019,New Progressive Party (Puerto Rico),2018
Puerto Rico,2017 - 2019,New Progressive Party (Puerto Rico),2019
Puerto Rico,1993 - 2001,New Progressive Party (Puerto Rico),2001
Puerto Rico,1993 - 2001,New Progressive Party (Puerto Rico),1994
Puerto Rico,2005 - 2009,Popular Democratic Party,2008
Puerto Rico,1993 - 2001,New Progressive Party (Puerto Rico),2000
Puerto Rico,1993 - 2001,New Progressive Party (Puerto Rico),1999
Puerto Rico,1993 - 2001,New Progressive Party (Puerto Rico),1998
Puerto Rico,1993 - 2001,New Progressive Party (Puerto Rico),1997
Puerto Rico,1993 - 2001,New Progressive Party (Puerto Rico),1996
Puerto Rico,1993 - 2001,New Progressive Party (Puerto Rico),1995
Puerto Rico,2017 - 2019,New Progressive Party (Puerto Rico),2017
Puerto Rico,2005 - 2009,Popular Democratic Party,2007
Puerto Rico,1993 - 2001,New Progressive Party (Puerto Rico),1993
Puerto Rico,2013 - 2017,Popular Democratic Party,2017
Puerto Rico,2005 - 2009,Popular Democratic Party,2005
Puerto Rico,2013 - 2017,Popular Democratic Party,2013
Puerto Rico,2001 - 2005,Popular Democratic Party,2005
Puerto Rico,2001 - 2005,Popular Democratic Party,2004
Puerto Rico,2001 - 2005,Popular Democratic Party,2003
Puerto Rico,2001 - 2005,Popular Democratic Party,2002
Puerto Rico,2001 - 2005,Popular Democratic Party,2001
Puerto Rico,2009 - 2013,New Progressive Party (Puerto Rico),2009
Puerto Rico,2009 - 2013,New Progressive Party (Puerto Rico),2010
Puerto Rico,2009 - 2013,New Progressive Party (Puerto Rico),2011
Puerto Rico,2009 - 2013,New Progressive Party (Puerto Rico),2012
Puerto Rico,2009 - 2013,New Progressive Party (Puerto Rico),2013
Puerto Rico,2013 - 2017,Popular Democratic Party,2014
Puerto Rico,2013 - 2017,Popular Democratic Party,2015
Puerto Rico,2013 - 2017,Popular Democratic Party,2016
Puerto Rico,2005 - 2009,Popular Democratic Party,2009
Puerto Rico,2005 - 2009,Popular Democratic Party,2006
Rhode Island,1995 - 2003,Republican,2001
Rhode Island,2003 - 2011,Republican,2006
Rhode Island,2003 - 2011,Republican,2007
Rhode Island,2003 - 2011,Republican,2008
Rhode Island,2003 - 2011,Republican,2009
Rhode Island,2003 - 2011,Republican,2010
Rhode Island,2003 - 2011,Republican,2011
Rhode Island,2003 - 2011,Republican,2003
Rhode Island,1995 - 2003,Republican,2003
Rhode Island,1995 - 2003,Republican,2002
Rhode Island,2003 - 2011,Republican,2005
Rhode Island,1995 - 2003,Republican,2000
Rhode Island,1995 - 2003,Republican,1999
Rhode Island,1995 - 2003,Republican,1998
Rhode Island,2003 - 2011,Republican,2004
Rhode Island,1995 - 2003,Republican,1996
Rhode Island,1995 - 2003,Republican,1997
Rhode Island,2011 - 2015,Democrat,2011
Rhode Island,2011 - 2015,Democrat,2012
Rhode Island,1995 - 2003,Republican,1995
Rhode Island,2011 - 2015,Democrat,2013
Rhode Island,2011 - 2015,Democrat,2014
Rhode Island,2011 - 2015,Democrat,2015
South Carolina,2011 - 2017,Republican,2013
South Carolina,1995 - 1999,Republican,1996
South Carolina,2011 - 2017,Republican,2011
South Carolina,1999 - 2003,Democrat,1999
South Carolina,1999 - 2003,Democrat,2000
South Carolina,1999 - 2003,Democrat,2001
South Carolina,1995 - 1999,Republican,1998
South Carolina,2011 - 2017,Republican,2012
South Carolina,1999 - 2003,Democrat,2002
South Carolina,1995 - 1999,Republican,1999
South Carolina,2011 - 2017,Republican,2015
South Carolina,2011 - 2017,Republican,2014
South Carolina,1995 - 1999,Republican,1997
South Carolina,1999 - 2003,Democrat,2003
South Carolina,2003 - 2011,Republican,2006
South Carolina,2003 - 2011,Republican,2005
South Carolina,2003 - 2011,Republican,2007
South Carolina,2003 - 2011,Republican,2008
South Carolina,2003 - 2011,Republican,2009
South Carolina,2003 - 2011,Republican,2004
South Carolina,2003 - 2011,Republican,2003
South Carolina,1995 - 1999,Republican,1995
South Carolina,2003 - 2011,Republican,2011
South Carolina,2003 - 2011,Republican,2010
South Carolina,2011 - 2017,Republican,2016
South Carolina,2011 - 2017,Republican,2017
South Dakota,1979 - 1987,Republican,1981
South Dakota,1979 - 1987,Republican,1982
South Dakota,1979 - 1987,Republican,1983
South Dakota,1979 - 1987,Republican,1984
South Dakota,1979 - 1987,Republican,1985
South Dakota,1979 - 1987,Republican,1986
South Dakota,2003 - 2011,Republican,2006
South Dakota,1979 - 1987,Republican,1987
South Dakota,2003 - 2011,Republican,2007
South Dakota,2003 - 2011,Republican,2003
South Dakota,1993 - 1995,Republican,1993
South Dakota,2003 - 2011,Republican,2011
South Dakota,2003 - 2011,Republican,2010
South Dakota,2003 - 2011,Republican,2009
South Dakota,1979 - 1987,Republican,1980
South Dakota,1993 - 1995,Republican,1995
South Dakota,1993 - 1995,Republican,1994
South Dakota,2003 - 2011,Republican,2008
South Dakota,1979 - 1987,Republican,1979
South Dakota,2003 - 2011,Republican,2004
South Dakota,1995 - 2003,Republican,2002
South Dakota,1995 - 2003,Republican,2003
South Dakota,2003 - 2011,Republican,2005
South Dakota,2011 - 2019,Republican,2018
South Dakota,2011 - 2019,Republican,2017
South Dakota,2011 - 2019,Republican,2016
South Dakota,2011 - 2019,Republican,2015
South Dakota,2011 - 2019,Republican,2013
South Dakota,2011 - 2019,Republican,2012
South Dakota,2011 - 2019,Republican,2014
South Dakota,1995 - 2003,Republican,1995
South Dakota,1995 - 2003,Republican,1996
South Dakota,1995 - 2003,Republican,1997
South Dakota,1995 - 2003,Republican,1998
South Dakota,1995 - 2003,Republican,1999
South Dakota,1995 - 2003,Republican,2000
South Dakota,1995 - 2003,Republican,2001
South Dakota,2011 - 2019,Republican,2011
South Dakota,2011 - 2019,Republican,2019
Tennessee,2011 - 2019,Republican,2019
Tennessee,2003 - 2011,Democrat,2006
Tennessee,2003 - 2011,Democrat,2005
Tennessee,2003 - 2011,Democrat,2004
Tennessee,2003 - 2011,Democrat,2003
Tennessee,2011 - 2019,Republican,2011
Tennessee,2011 - 2019,Republican,2017
Tennessee,2011 - 2019,Republican,2016
Tennessee,2011 - 2019,Republican,2015
Tennessee,2011 - 2019,Republican,2014
Tennessee,2011 - 2019,Republican,2013
Tennessee,2011 - 2019,Republican,2012
Tennessee,2003 - 2011,Democrat,2007
Tennessee,2011 - 2019,Republican,2018
Tennessee,2003 - 2011,Democrat,2008
Tennessee,1995 - 2003,Republican,1999
Tennessee,2003 - 2011,Democrat,2010
Tennessee,2003 - 2011,Democrat,2011
Tennessee,1995 - 2003,Republican,2003
Tennessee,1995 - 2003,Republican,2002
Tennessee,1995 - 2003,Republican,2001
Tennessee,1995 - 2003,Republican,2000
Tennessee,1995 - 2003,Republican,1998
Tennessee,1995 - 2003,Republican,1997
Tennessee,1995 - 2003,Republican,1996
Tennessee,1995 - 2003,Republican,1995
Tennessee,2003 - 2011,Democrat,2009
Texas,2000 - 2015,Republican,2008
Texas,2000 - 2015,Republican,2010
Texas,2000 - 2015,Republican,2011
Texas,1995 - 2000,Republican,2000
Texas,2000 - 2015,Republican,2013
Texas,2000 - 2015,Republican,2014
Texas,2000 - 2015,Republican,2015
Texas,2000 - 2015,Republican,2007
Texas,2000 - 2015,Republican,2012
Texas,2000 - 2015,Republican,2006
Texas,2000 - 2015,Republican,2009
Texas,2000 - 2015,Republican,2004
Texas,1995 - 2000,Republican,1995
Texas,1995 - 2000,Republican,1996
Texas,1995 - 2000,Republican,1997
Texas,1995 - 2000,Republican,1998
Texas,2000 - 2015,Republican,2000
Texas,2000 - 2015,Republican,2001
Texas,2000 - 2015,Republican,2002
Texas,2000 - 2015,Republican,2003
Texas,2000 - 2015,Republican,2005
Texas,1995 - 2000,Republican,1999
Utah,1993 - 2003,Republican,1995
Utah,1993 - 2003,Republican,1994
Utah,2005 - 2009,Republican,2005
Utah,2005 - 2009,Republican,2006
Utah,2005 - 2009,Republican,2008
Utah,2005 - 2009,Republican,2009
Utah,1993 - 2003,Republican,1996
Utah,2005 - 2009,Republican,2007
Utah,1993 - 2003,Republican,1993
Utah,1993 - 2003,Republican,1999
Utah,2003 - 2005,Republican,2003
Utah,1993 - 2003,Republican,1997
Utah,1993 - 2003,Republican,2001
Utah,1993 - 2003,Republican,2003
Utah,1993 - 2003,Republican,2002
Utah,1993 - 2003,Republican,2000
Utah,1993 - 2003,Republican,1998
Utah,2003 - 2005,Republican,2005
Utah,2003 - 2005,Republican,2004
Vermont,1991 - 2003,Democrat,1999
Vermont,1991 - 2003,Democrat,1998
Vermont,2003 - 2011,Republican,2007
Vermont,2003 - 2011,Republican,2005
Vermont,1991 - 2003,Democrat,2001
Vermont,2003 - 2011,Republican,2006
Vermont,1991 - 2003,Democrat,2000
Vermont,1991 - 2003,Democrat,1997
Vermont,2003 - 2011,Republican,2009
Vermont,1991 - 2003,Democrat,1996
Vermont,1991 - 2003,Democrat,1995
Vermont,1991 - 2003,Democrat,1994
Vermont,1991 - 2003,Democrat,1993
Vermont,1991 - 2003,Democrat,1992
Vermont,1991 - 2003,Democrat,1991
Vermont,2003 - 2011,Republican,2010
Vermont,2003 - 2011,Republican,2011
Vermont,1991 - 2003,Democrat,2002
Vermont,2003 - 2011,Republican,2003
Vermont,2003 - 2011,Republican,2008
Vermont,2003 - 2011,Republican,2004
Vermont,1991 - 2003,Democrat,2003
Vermont,2011 - 2017,Democrat,2015
Vermont,2011 - 2017,Democrat,2011
Vermont,2011 - 2017,Democrat,2012
Vermont,2011 - 2017,Democrat,2014
Vermont,2011 - 2017,Democrat,2016
Vermont,2011 - 2017,Democrat,2017
Vermont,2011 - 2017,Democrat,2013
Virgin Islands,2015 - 2019,Independent,2016
Virgin Islands,2015 - 2019,Independent,2017
Virgin Islands,2015 - 2019,Independent,2018
Virgin Islands,1999 - 2007,Democrat,2001
Virgin Islands,2007 - 2015,Democrat,2011
Virgin Islands,2015 - 2019,Independent,2019
Virgin Islands,1995 - 1999,Republican,1995
Virgin Islands,1995 - 1999,Republican,1996
Virgin Islands,1995 - 1999,Republican,1997
Virgin Islands,1995 - 1999,Republican,1998
Virgin Islands,1995 - 1999,Republican,1999
Virgin Islands,1999 - 2007,Democrat,1999
Virgin Islands,1999 - 2007,Democrat,2000
Virgin Islands,2015 - 2019,Independent,2015
Virgin Islands,1999 - 2007,Democrat,2002
Virgin Islands,2007 - 2015,Democrat,2012
Virgin Islands,2007 - 2015,Democrat,2015
Virgin Islands,2007 - 2015,Democrat,2014
Virgin Islands,2007 - 2015,Democrat,2013
Virgin Islands,2007 - 2015,Democrat,2009
Virgin Islands,2007 - 2015,Democrat,2008
Virgin Islands,2007 - 2015,Democrat,2007
Virgin Islands,1999 - 2007,Democrat,2007
Virgin Islands,1999 - 2007,Democrat,2006
Virgin Islands,1999 - 2007,Democrat,2005
Virgin Islands,1999 - 2007,Democrat,2004
Virgin Islands,1999 - 2007,Democrat,2003
Virgin Islands,2007 - 2015,Democrat,2010
Virginia,2006 - 2010,Democrat,2008
Virginia,2006 - 2010,Democrat,2009
Virginia,2006 - 2010,Democrat,2010
Virginia,2014 - 2018,Democrat,2015
Virginia,2014 - 2018,Democrat,2016
Virginia,1998 - 2002,Republican,2002
Virginia,2014 - 2018,Democrat,2017
Virginia,2014 - 2018,Democrat,2018
Virginia,2002 - 2006,Democrat,2002
Virginia,2002 - 2006,Democrat,2003
Virginia,2002 - 2006,Democrat,2004
Virginia,2002 - 2006,Democrat,2005
Virginia,2002 - 2006,Democrat,2006
Virginia,1994 - 1998,Republican,1994
Virginia,2006 - 2010,Democrat,2007
Virginia,2006 - 2010,Democrat,2006
Virginia,1998 - 2002,Republican,2001
Virginia,1994 - 1998,Republican,1998
Virginia,1998 - 2002,Republican,2000
Virginia,1998 - 2002,Republican,1999
Virginia,1998 - 2002,Republican,1998
Virginia,2010 - 2014,Republican,2010
Virginia,2010 - 2014,Republican,2011
Virginia,1994 - 1998,Republican,1997
Virginia,1994 - 1998,Republican,1996
Virginia,2010 - 2014,Republican,2013
Virginia,2010 - 2014,Republican,2014
Virginia,1994 - 1998,Republican,1995
Virginia,2014 - 2018,Democrat,2014
Virginia,2010 - 2014,Republican,2012
Washington,1997 - 2005,Democrat,1999
Washington,1997 - 2005,Democrat,2001
Washington,1997 - 2005,Democrat,2002
Washington,1997 - 2005,Democrat,2005
Washington,1997 - 2005,Democrat,1998
Washington,1997 - 2005,Democrat,1997
Washington,1997 - 2005,Democrat,2000
Washington,2005 - 2013,Democrat,2010
Washington,2005 - 2013,Democrat,2005
Washington,1993 - 1997,Democrat,1993
Washington,1993 - 1997,Democrat,1994
Washington,1993 - 1997,Democrat,1995
Washington,1993 - 1997,Democrat,1996
Washington,1993 - 1997,Democrat,1997
Washington,2005 - 2013,Democrat,2013
Washington,1997 - 2005,Democrat,2004
Washington,2005 - 2013,Democrat,2012
Washington,1997 - 2005,Democrat,2003
Washington,2005 - 2013,Democrat,2009
Washington,2005 - 2013,Democrat,2008
Washington,2005 - 2013,Democrat,2007
Washington,2005 - 2013,Democrat,2006
Washington,2005 - 2013,Democrat,2011
West Virginia,2015 - 2017,Democrat,2017
West Virginia,2005 - 2010,Democrat,2005
West Virginia,2015 - 2017,Democrat,2016
West Virginia,2015 - 2017,Democrat,2015
West Virginia,2005 - 2010,Democrat,2007
West Virginia,2005 - 2010,Democrat,2008
West Virginia,2005 - 2010,Democrat,2009
West Virginia,2005 - 2010,Democrat,2010
West Virginia,2005 - 2010,Democrat,2006
West Virginia,1957 - 1961,Republican,1957
West Virginia,1997 - 2001,Republican,2000
West Virginia,2001 - 2005,Democrat,2001
West Virginia,2001 - 2005,Democrat,2002
West Virginia,2001 - 2005,Democrat,2003
West Virginia,1997 - 2001,Republican,1997
West Virginia,2001 - 2005,Democrat,2004
West Virginia,1997 - 2001,Republican,1998
West Virginia,1997 - 2001,Republican,1999
West Virginia,2001 - 2005,Democrat,2005
West Virginia,1957 - 1961,Republican,1961
West Virginia,1957 - 1961,Republican,1960
West Virginia,1957 - 1961,Republican,1959
West Virginia,1997 - 2001,Republican,2001
West Virginia,1957 - 1961,Republican,1958
Wisconsin,2011 - 2019,Republican,2014
Wisconsin,2003 - 2011,Democrat,2009
Wisconsin,2003 - 2011,Democrat,2008
Wisconsin,2003 - 2011,Democrat,2007
Wisconsin,2011 - 2019,Republican,2015
Wisconsin,2003 - 2011,Democrat,2006
Wisconsin,2003 - 2011,Democrat,2005
Wisconsin,2003 - 2011,Democrat,2004
Wisconsin,2003 - 2011,Democrat,2010
Wisconsin,2003 - 2011,Democrat,2011
Wisconsin,2001 - 2003,Republican,2002
Wisconsin,2003 - 2011,Democrat,2003
Wisconsin,2001 - 2003,Republican,2001
Wisconsin,2011 - 2019,Republican,2012
Wisconsin,2011 - 2019,Republican,2011
Wisconsin,2011 - 2019,Republican,2016
Wisconsin,2011 - 2019,Republican,2013
Wisconsin,2011 - 2019,Republican,2018
Wisconsin,2011 - 2019,Republican,2019
Wisconsin,2001 - 2003,Republican,2003
Wisconsin,2011 - 2019,Republican,2017
Wyoming,2011 - 2019,Republican,2017
Wyoming,2011 - 2019,Republican,2018
Wyoming,2011 - 2019,Republican,2019
Wyoming,2003 - 2011,Democrat,2003
Wyoming,2003 - 2011,Democrat,2004
Wyoming,2003 - 2011,Democrat,2005
Wyoming,2003 - 2011,Democrat,2006
Wyoming,2003 - 2011,Democrat,2007
Wyoming,2011 - 2019,Republican,2015
Wyoming,2011 - 2019,Republican,2014
Wyoming,2003 - 2011,Democrat,2008
Wyoming,2003 - 2011,Democrat,2009
Wyoming,2011 - 2019,Republican,2011
Wyoming,2003 - 2011,Democrat,2011
Wyoming,1995 - 2003,Republican,2003
Wyoming,1995 - 2003,Republican,2002
Wyoming,1995 - 2003,Republican,2001
Wyoming,1995 - 2003,Republican,2000
Wyoming,1995 - 2003,Republican,1999
Wyoming,1995 - 2003,Republican,1998
Wyoming,1995 - 2003,Republican,1997
Wyoming,1995 - 2003,Republican,1996
Wyoming,1995 - 2003,Republican,1995
Wyoming,2011 - 2019,Republican,2013
Wyoming,2011 - 2019,Republican,2012
Wyoming,2003 - 2011,Democrat,2010
Wyoming,2011 - 2019,Republican,2016
